"Payload","Method","Run","Milliseconds","ExitCode","StdoutLength","Stdout","StderrLength","Stderr"
"prompts\01_UserPromptSubmit.json","PowerShell wrapper","1","618.094","0","0","","0",""
"prompts\01_UserPromptSubmit.json","Direct executable","1","48.116","0","0","","0",""
"prompts\01_UserPromptSubmit.json","PowerShell wrapper","2","686.099","0","0","","0",""
"prompts\01_UserPromptSubmit.json","Direct executable","2","53.338","0","0","","0",""
"prompts\01_UserPromptSubmit.json","PowerShell wrapper","3","740.021","0","0","","0",""
"prompts\01_UserPromptSubmit.json","Direct executable","3","68.404","0","0","","0",""
"prompts\01_UserPromptSubmit.json","PowerShell wrapper","4","727.633","0","0","","0",""
"prompts\01_UserPromptSubmit.json","Direct executable","4","46.147","0","0","","0",""
"prompts\01_UserPromptSubmit.json","PowerShell wrapper","5","690.106","0","0","","0",""
"prompts\01_UserPromptSubmit.json","Direct executable","5","56.746","0","0","","0",""
"prompts\02_UserPromptSubmit.json","PowerShell wrapper","1","634.869","0","0","","0",""
"prompts\02_UserPromptSubmit.json","Direct executable","1","770.323","0","0","","0",""
"prompts\02_UserPromptSubmit.json","PowerShell wrapper","2","594.214","0","0","","0",""
"prompts\02_UserPromptSubmit.json","Direct executable","2","45.456","0","0","","0",""
"prompts\02_UserPromptSubmit.json","PowerShell wrapper","3","605.502","0","0","","0",""
"prompts\02_UserPromptSubmit.json","Direct executable","3","48.492","0","0","","0",""
"prompts\02_UserPromptSubmit.json","PowerShell wrapper","4","578.929","0","0","","0",""
"prompts\02_UserPromptSubmit.json","Direct executable","4","49.339","0","0","","0",""
"prompts\02_UserPromptSubmit.json","PowerShell wrapper","5","606.668","0","0","","0",""
"prompts\02_UserPromptSubmit.json","Direct executable","5","50.623","0","0","","0",""
"prompts\03_UserPromptSubmit.json","PowerShell wrapper","1","580.901","0","0","","0",""
"prompts\03_UserPromptSubmit.json","Direct executable","1","7412.427","0","0","","0",""
"prompts\03_UserPromptSubmit.json","PowerShell wrapper","2","611.8","0","0","","0",""
"prompts\03_UserPromptSubmit.json","Direct executable","2","52.135","0","0","","0",""
"prompts\03_UserPromptSubmit.json","PowerShell wrapper","3","627.997","0","0","","0",""
"prompts\03_UserPromptSubmit.json","Direct executable","3","45.255","0","0","","0",""
"prompts\03_UserPromptSubmit.json","PowerShell wrapper","4","660.734","0","0","","0",""
"prompts\03_UserPromptSubmit.json","Direct executable","4","51.742","0","0","","0",""
"prompts\03_UserPromptSubmit.json","PowerShell wrapper","5","618.181","0","0","","0",""
"prompts\03_UserPromptSubmit.json","Direct executable","5","46.457","0","0","","0",""
"prompts\04_UserPromptSubmit.json","PowerShell wrapper","1","645.687","0","0","","0",""
"prompts\04_UserPromptSubmit.json","Direct executable","1","247.258","0","0","","0",""
"prompts\04_UserPromptSubmit.json","PowerShell wrapper","2","714.991","0","0","","0",""
"prompts\04_UserPromptSubmit.json","Direct executable","2","63.453","0","0","","0",""
"prompts\04_UserPromptSubmit.json","PowerShell wrapper","3","735.937","0","0","","0",""
"prompts\04_UserPromptSubmit.json","Direct executable","3","48.456","0","0","","0",""
"prompts\04_UserPromptSubmit.json","PowerShell wrapper","4","829.493","0","0","","0",""
"prompts\04_UserPromptSubmit.json","Direct executable","4","57.274","0","0","","0",""
"prompts\04_UserPromptSubmit.json","PowerShell wrapper","5","662.057","0","0","","0",""
"prompts\04_UserPromptSubmit.json","Direct executable","5","45.56","0","0","","0",""
"prompts\05_UserPromptSubmit.json","PowerShell wrapper","1","613.438","0","0","","0",""
"prompts\05_UserPromptSubmit.json","Direct executable","1","680.221","0","0","","0",""
"prompts\05_UserPromptSubmit.json","PowerShell wrapper","2","600.585","0","0","","0",""
"prompts\05_UserPromptSubmit.json","Direct executable","2","51.81","0","0","","0",""
"prompts\05_UserPromptSubmit.json","PowerShell wrapper","3","599.942","0","0","","0",""
"prompts\05_UserPromptSubmit.json","Direct executable","3","43.155","0","0","","0",""
"prompts\05_UserPromptSubmit.json","PowerShell wrapper","4","638.438","0","0","","0",""
"prompts\05_UserPromptSubmit.json","Direct executable","4","48.294","0","0","","0",""
"prompts\05_UserPromptSubmit.json","PowerShell wrapper","5","598.378","0","0","","0",""
"prompts\05_UserPromptSubmit.json","Direct executable","5","43.036","0","0","","0",""
"prompts\06_UserPromptSubmit.json","PowerShell wrapper","1","602.551","0","0","","0",""
"prompts\06_UserPromptSubmit.json","Direct executable","1","248.868","0","0","","0",""
"prompts\06_UserPromptSubmit.json","PowerShell wrapper","2","609.474","0","0","","0",""
"prompts\06_UserPromptSubmit.json","Direct executable","2","52.217","0","0","","0",""
"prompts\06_UserPromptSubmit.json","PowerShell wrapper","3","653.052","0","0","","0",""
"prompts\06_UserPromptSubmit.json","Direct executable","3","44.758","0","0","","0",""
"prompts\06_UserPromptSubmit.json","PowerShell wrapper","4","584.11","0","0","","0",""
"prompts\06_UserPromptSubmit.json","Direct executable","4","47.802","0","0","","0",""
"prompts\06_UserPromptSubmit.json","PowerShell wrapper","5","595.182","0","0","","0",""
"prompts\06_UserPromptSubmit.json","Direct executable","5","47.308","0","0","","0",""
"prompts\07_UserPromptSubmit.json","PowerShell wrapper","1","611.252","0","0","","0",""
"prompts\07_UserPromptSubmit.json","Direct executable","1","229.703","0","0","","0",""
"prompts\07_UserPromptSubmit.json","PowerShell wrapper","2","587.642","0","0","","0",""
"prompts\07_UserPromptSubmit.json","Direct executable","2","49.057","0","0","","0",""
"prompts\07_UserPromptSubmit.json","PowerShell wrapper","3","591.176","0","0","","0",""
"prompts\07_UserPromptSubmit.json","Direct executable","3","50.931","0","0","","0",""
"prompts\07_UserPromptSubmit.json","PowerShell wrapper","4","665.449","0","0","","0",""
"prompts\07_UserPromptSubmit.json","Direct executable","4","50.139","0","0","","0",""
"prompts\07_UserPromptSubmit.json","PowerShell wrapper","5","661.454","0","0","","0",""
"prompts\07_UserPromptSubmit.json","Direct executable","5","47.774","0","0","","0",""
"prompts\08_UserPromptSubmit.json","PowerShell wrapper","1","657.483","0","0","","0",""
"prompts\08_UserPromptSubmit.json","Direct executable","1","426.257","0","0","","0",""
"prompts\08_UserPromptSubmit.json","PowerShell wrapper","2","624.284","0","0","","0",""
"prompts\08_UserPromptSubmit.json","Direct executable","2","50.784","0","0","","0",""
"prompts\08_UserPromptSubmit.json","PowerShell wrapper","3","576.369","0","0","","0",""
"prompts\08_UserPromptSubmit.json","Direct executable","3","45.181","0","0","","0",""
"prompts\08_UserPromptSubmit.json","PowerShell wrapper","4","572.317","0","0","","0",""
"prompts\08_UserPromptSubmit.json","Direct executable","4","41.747","0","0","","0",""
"prompts\08_UserPromptSubmit.json","PowerShell wrapper","5","581.291","0","0","","0",""
"prompts\08_UserPromptSubmit.json","Direct executable","5","44.626","0","0","","0",""
"tools\Agent\PostToolUse.json","PowerShell wrapper","1","579.019","0","0","","0",""
"tools\Agent\PostToolUse.json","Direct executable","1","442.218","0","0","","0",""
"tools\Agent\PostToolUse.json","PowerShell wrapper","2","576.206","0","0","","0",""
"tools\Agent\PostToolUse.json","Direct executable","2","40.702","0","0","","0",""
"tools\Agent\PostToolUse.json","PowerShell wrapper","3","578.25","0","0","","0",""
"tools\Agent\PostToolUse.json","Direct executable","3","43.438","0","0","","0",""
"tools\Agent\PostToolUse.json","PowerShell wrapper","4","601.704","0","0","","0",""
"tools\Agent\PostToolUse.json","Direct executable","4","48.898","0","0","","0",""
"tools\Agent\PostToolUse.json","PowerShell wrapper","5","599.425","0","0","","0",""
"tools\Agent\PostToolUse.json","Direct executable","5","46.72","0","0","","0",""
"tools\Agent\PreToolUse.json","PowerShell wrapper","1","569.49","0","0","","0",""
"tools\Agent\PreToolUse.json","Direct executable","1","531.177","0","0","","0",""
"tools\Agent\PreToolUse.json","PowerShell wrapper","2","591.103","0","0","","0",""
"tools\Agent\PreToolUse.json","Direct executable","2","49.503","0","0","","0",""
"tools\Agent\PreToolUse.json","PowerShell wrapper","3","592.662","0","0","","0",""
"tools\Agent\PreToolUse.json","Direct executable","3","43.685","0","0","","0",""
"tools\Agent\PreToolUse.json","PowerShell wrapper","4","575.493","0","0","","0",""
"tools\Agent\PreToolUse.json","Direct executable","4","45.413","0","0","","0",""
"tools\Agent\PreToolUse.json","PowerShell wrapper","5","589.81","0","0","","0",""
"tools\Agent\PreToolUse.json","Direct executable","5","45.059","0","0","","0",""
"tools\Artifact\PostToolUse.json","PowerShell wrapper","1","565.756","0","0","","0",""
"tools\Artifact\PostToolUse.json","Direct executable","1","279.434","0","0","","0",""
"tools\Artifact\PostToolUse.json","PowerShell wrapper","2","576.746","0","0","","0",""
"tools\Artifact\PostToolUse.json","Direct executable","2","49.292","0","0","","0",""
"tools\Artifact\PostToolUse.json","PowerShell wrapper","3","673.418","0","0","","0",""
"tools\Artifact\PostToolUse.json","Direct executable","3","49.167","0","0","","0",""
"tools\Artifact\PostToolUse.json","PowerShell wrapper","4","1035.382","0","0","","0",""
"tools\Artifact\PostToolUse.json","Direct executable","4","43.617","0","0","","0",""
"tools\Artifact\PostToolUse.json","PowerShell wrapper","5","561.099","0","0","","0",""
"tools\Artifact\PostToolUse.json","Direct executable","5","43.984","0","0","","0",""
"tools\Artifact\PreToolUse.json","PowerShell wrapper","1","590.714","0","0","","0",""
"tools\Artifact\PreToolUse.json","Direct executable","1","262.533","0","0","","0",""
"tools\Artifact\PreToolUse.json","PowerShell wrapper","2","579.085","0","0","","0",""
"tools\Artifact\PreToolUse.json","Direct executable","2","59.103","0","0","","0",""
"tools\Artifact\PreToolUse.json","PowerShell wrapper","3","580.263","0","0","","0",""
"tools\Artifact\PreToolUse.json","Direct executable","3","44.178","0","0","","0",""
"tools\Artifact\PreToolUse.json","PowerShell wrapper","4","550.169","0","0","","0",""
"tools\Artifact\PreToolUse.json","Direct executable","4","44.627","0","0","","0",""
"tools\Artifact\PreToolUse.json","PowerShell wrapper","5","570.523","0","0","","0",""
"tools\Artifact\PreToolUse.json","Direct executable","5","40.253","0","0","","0",""
"tools\AskUserQuestion\PostToolUse.json","PowerShell wrapper","1","568.27","0","0","","0",""
"tools\AskUserQuestion\PostToolUse.json","Direct executable","1","896.858","0","0","","0",""
"tools\AskUserQuestion\PostToolUse.json","PowerShell wrapper","2","568.178","0","0","","0",""
"tools\AskUserQuestion\PostToolUse.json","Direct executable","2","47.105","0","0","","0",""
"tools\AskUserQuestion\PostToolUse.json","PowerShell wrapper","3","575.567","0","0","","0",""
"tools\AskUserQuestion\PostToolUse.json","Direct executable","3","44.81","0","0","","0",""
"tools\AskUserQuestion\PostToolUse.json","PowerShell wrapper","4","560.765","0","0","","0",""
"tools\AskUserQuestion\PostToolUse.json","Direct executable","4","43.238","0","0","","0",""
"tools\AskUserQuestion\PostToolUse.json","PowerShell wrapper","5","578.246","0","0","","0",""
"tools\AskUserQuestion\PostToolUse.json","Direct executable","5","43.8","0","0","","0",""
"tools\AskUserQuestion\PreToolUse.json","PowerShell wrapper","1","575.185","0","0","","0",""
"tools\AskUserQuestion\PreToolUse.json","Direct executable","1","886.202","0","0","","0",""
"tools\AskUserQuestion\PreToolUse.json","PowerShell wrapper","2","586.235","0","0","","0",""
"tools\AskUserQuestion\PreToolUse.json","Direct executable","2","40.754","0","0","","0",""
"tools\AskUserQuestion\PreToolUse.json","PowerShell wrapper","3","581.163","0","0","","0",""
"tools\AskUserQuestion\PreToolUse.json","Direct executable","3","41.523","0","0","","0",""
"tools\AskUserQuestion\PreToolUse.json","PowerShell wrapper","4","560.421","0","0","","0",""
"tools\AskUserQuestion\PreToolUse.json","Direct executable","4","43.508","0","0","","0",""
"tools\AskUserQuestion\PreToolUse.json","PowerShell wrapper","5","579.684","0","0","","0",""
"tools\AskUserQuestion\PreToolUse.json","Direct executable","5","42.522","0","0","","0",""
"tools\CronCreate\PostToolUse.json","PowerShell wrapper","1","581.263","0","0","","0",""
"tools\CronCreate\PostToolUse.json","Direct executable","1","414.974","0","0","","0",""
"tools\CronCreate\PostToolUse.json","PowerShell wrapper","2","571.828","0","0","","0",""
"tools\CronCreate\PostToolUse.json","Direct executable","2","57.51","0","0","","0",""
"tools\CronCreate\PostToolUse.json","PowerShell wrapper","3","577.721","0","0","","0",""
"tools\CronCreate\PostToolUse.json","Direct executable","3","40.7","0","0","","0",""
"tools\CronCreate\PostToolUse.json","PowerShell wrapper","4","564.584","0","0","","0",""
"tools\CronCreate\PostToolUse.json","Direct executable","4","41.269","0","0","","0",""
"tools\CronCreate\PostToolUse.json","PowerShell wrapper","5","567.178","0","0","","0",""
"tools\CronCreate\PostToolUse.json","Direct executable","5","41.636","0","0","","0",""
"tools\CronCreate\PreToolUse.json","PowerShell wrapper","1","598.236","0","0","","0",""
"tools\CronCreate\PreToolUse.json","Direct executable","1","569.835","0","0","","0",""
"tools\CronCreate\PreToolUse.json","PowerShell wrapper","2","582.785","0","0","","0",""
"tools\CronCreate\PreToolUse.json","Direct executable","2","41.516","0","0","","0",""
"tools\CronCreate\PreToolUse.json","PowerShell wrapper","3","567.939","0","0","","0",""
"tools\CronCreate\PreToolUse.json","Direct executable","3","42.107","0","0","","0",""
"tools\CronCreate\PreToolUse.json","PowerShell wrapper","4","555.787","0","0","","0",""
"tools\CronCreate\PreToolUse.json","Direct executable","4","41.636","0","0","","0",""
"tools\CronCreate\PreToolUse.json","PowerShell wrapper","5","602.593","0","0","","0",""
"tools\CronCreate\PreToolUse.json","Direct executable","5","41.062","0","0","","0",""
"tools\CronDelete\PostToolUse.json","PowerShell wrapper","1","581.417","0","0","","0",""
"tools\CronDelete\PostToolUse.json","Direct executable","1","939.507","0","0","","0",""
"tools\CronDelete\PostToolUse.json","PowerShell wrapper","2","573.62","0","0","","0",""
"tools\CronDelete\PostToolUse.json","Direct executable","2","41.146","0","0","","0",""
"tools\CronDelete\PostToolUse.json","PowerShell wrapper","3","601.75","0","0","","0",""
"tools\CronDelete\PostToolUse.json","Direct executable","3","44.595","0","0","","0",""
"tools\CronDelete\PostToolUse.json","PowerShell wrapper","4","585.435","0","0","","0",""
"tools\CronDelete\PostToolUse.json","Direct executable","4","44.714","0","0","","0",""
"tools\CronDelete\PostToolUse.json","PowerShell wrapper","5","584.112","0","0","","0",""
"tools\CronDelete\PostToolUse.json","Direct executable","5","43.091","0","0","","0",""
"tools\CronDelete\PreToolUse.json","PowerShell wrapper","1","580.874","0","0","","0",""
"tools\CronDelete\PreToolUse.json","Direct executable","1","935.378","0","0","","0",""
"tools\CronDelete\PreToolUse.json","PowerShell wrapper","2","575.074","0","0","","0",""
"tools\CronDelete\PreToolUse.json","Direct executable","2","42.112","0","0","","0",""
"tools\CronDelete\PreToolUse.json","PowerShell wrapper","3","575.491","0","0","","0",""
"tools\CronDelete\PreToolUse.json","Direct executable","3","44.983","0","0","","0",""
"tools\CronDelete\PreToolUse.json","PowerShell wrapper","4","562.825","0","0","","0",""
"tools\CronDelete\PreToolUse.json","Direct executable","4","41.72","0","0","","0",""
"tools\CronDelete\PreToolUse.json","PowerShell wrapper","5","565.283","0","0","","0",""
"tools\CronDelete\PreToolUse.json","Direct executable","5","43.662","0","0","","0",""
"tools\CronList\PostToolUse.json","PowerShell wrapper","1","567.391","0","0","","0",""
"tools\CronList\PostToolUse.json","Direct executable","1","498.156","0","0","","0",""
"tools\CronList\PostToolUse.json","PowerShell wrapper","2","562.789","0","0","","0",""
"tools\CronList\PostToolUse.json","Direct executable","2","42.429","0","0","","0",""
"tools\CronList\PostToolUse.json","PowerShell wrapper","3","571.93","0","0","","0",""
"tools\CronList\PostToolUse.json","Direct executable","3","50.835","0","0","","0",""
"tools\CronList\PostToolUse.json","PowerShell wrapper","4","605.228","0","0","","0",""
"tools\CronList\PostToolUse.json","Direct executable","4","52.721","0","0","","0",""
"tools\CronList\PostToolUse.json","PowerShell wrapper","5","602.684","0","0","","0",""
"tools\CronList\PostToolUse.json","Direct executable","5","52.666","0","0","","0",""
"tools\CronList\PreToolUse.json","PowerShell wrapper","1","603.038","0","0","","0",""
"tools\CronList\PreToolUse.json","Direct executable","1","314.042","0","0","","0",""
"tools\CronList\PreToolUse.json","PowerShell wrapper","2","602.633","0","0","","0",""
"tools\CronList\PreToolUse.json","Direct executable","2","45.045","0","0","","0",""
"tools\CronList\PreToolUse.json","PowerShell wrapper","3","599.671","0","0","","0",""
"tools\CronList\PreToolUse.json","Direct executable","3","45.483","0","0","","0",""
"tools\CronList\PreToolUse.json","PowerShell wrapper","4","556.121","0","0","","0",""
"tools\CronList\PreToolUse.json","Direct executable","4","59.666","0","0","","0",""
"tools\CronList\PreToolUse.json","PowerShell wrapper","5","593.362","0","0","","0",""
"tools\CronList\PreToolUse.json","Direct executable","5","45.393","0","0","","0",""
"tools\DesignSync\PostToolUse.json","PowerShell wrapper","1","578.762","0","0","","0",""
"tools\DesignSync\PostToolUse.json","Direct executable","1","918.345","0","0","","0",""
"tools\DesignSync\PostToolUse.json","PowerShell wrapper","2","566.153","0","0","","0",""
"tools\DesignSync\PostToolUse.json","Direct executable","2","45.467","0","0","","0",""
"tools\DesignSync\PostToolUse.json","PowerShell wrapper","3","568.604","0","0","","0",""
"tools\DesignSync\PostToolUse.json","Direct executable","3","41.824","0","0","","0",""
"tools\DesignSync\PostToolUse.json","PowerShell wrapper","4","576.555","0","0","","0",""
"tools\DesignSync\PostToolUse.json","Direct executable","4","50.595","0","0","","0",""
"tools\DesignSync\PostToolUse.json","PowerShell wrapper","5","619.134","0","0","","0",""
"tools\DesignSync\PostToolUse.json","Direct executable","5","43.24","0","0","","0",""
"tools\DesignSync\PreToolUse.json","PowerShell wrapper","1","564.658","0","0","","0",""
"tools\DesignSync\PreToolUse.json","Direct executable","1","824.921","0","0","","0",""
"tools\DesignSync\PreToolUse.json","PowerShell wrapper","2","607.923","0","0","","0",""
"tools\DesignSync\PreToolUse.json","Direct executable","2","42.443","0","0","","0",""
"tools\DesignSync\PreToolUse.json","PowerShell wrapper","3","566.965","0","0","","0",""
"tools\DesignSync\PreToolUse.json","Direct executable","3","42.988","0","0","","0",""
"tools\DesignSync\PreToolUse.json","PowerShell wrapper","4","566.907","0","0","","0",""
"tools\DesignSync\PreToolUse.json","Direct executable","4","40.672","0","0","","0",""
"tools\DesignSync\PreToolUse.json","PowerShell wrapper","5","607.798","0","0","","0",""
"tools\DesignSync\PreToolUse.json","Direct executable","5","47.094","0","0","","0",""
"tools\Edit\PostToolUse.json","PowerShell wrapper","1","586.391","0","0","","0",""
"tools\Edit\PostToolUse.json","Direct executable","1","847.547","0","0","","0",""
"tools\Edit\PostToolUse.json","PowerShell wrapper","2","601.884","0","0","","0",""
"tools\Edit\PostToolUse.json","Direct executable","2","44.622","0","0","","0",""
"tools\Edit\PostToolUse.json","PowerShell wrapper","3","581.033","0","0","","0",""
"tools\Edit\PostToolUse.json","Direct executable","3","43.273","0","0","","0",""
"tools\Edit\PostToolUse.json","PowerShell wrapper","4","564.989","0","0","","0",""
"tools\Edit\PostToolUse.json","Direct executable","4","41.226","0","0","","0",""
"tools\Edit\PostToolUse.json","PowerShell wrapper","5","581.273","0","0","","0",""
"tools\Edit\PostToolUse.json","Direct executable","5","45.868","0","0","","0",""
"tools\Edit\PreToolUse.json","PowerShell wrapper","1","579.769","0","0","","0",""
"tools\Edit\PreToolUse.json","Direct executable","1","357.316","0","0","","0",""
"tools\Edit\PreToolUse.json","PowerShell wrapper","2","588.244","0","0","","0",""
"tools\Edit\PreToolUse.json","Direct executable","2","47.301","0","0","","0",""
"tools\Edit\PreToolUse.json","PowerShell wrapper","3","692.733","0","0","","0",""
"tools\Edit\PreToolUse.json","Direct executable","3","43.551","0","0","","0",""
"tools\Edit\PreToolUse.json","PowerShell wrapper","4","655.022","0","0","","0",""
"tools\Edit\PreToolUse.json","Direct executable","4","62.837","0","0","","0",""
"tools\Edit\PreToolUse.json","PowerShell wrapper","5","643.007","0","0","","0",""
"tools\Edit\PreToolUse.json","Direct executable","5","49.433","0","0","","0",""
"tools\EndConversation\PostToolUse.json","PowerShell wrapper","1","580.862","0","0","","0",""
"tools\EndConversation\PostToolUse.json","Direct executable","1","210.241","0","0","","0",""
"tools\EndConversation\PostToolUse.json","PowerShell wrapper","2","580.876","0","0","","0",""
"tools\EndConversation\PostToolUse.json","Direct executable","2","40.694","0","0","","0",""
"tools\EndConversation\PostToolUse.json","PowerShell wrapper","3","590.168","0","0","","0",""
"tools\EndConversation\PostToolUse.json","Direct executable","3","45.946","0","0","","0",""
"tools\EndConversation\PostToolUse.json","PowerShell wrapper","4","595.252","0","0","","0",""
"tools\EndConversation\PostToolUse.json","Direct executable","4","52.612","0","0","","0",""
"tools\EndConversation\PostToolUse.json","PowerShell wrapper","5","588.368","0","0","","0",""
"tools\EndConversation\PostToolUse.json","Direct executable","5","44.46","0","0","","0",""
"tools\EndConversation\PreToolUse.json","PowerShell wrapper","1","591.477","0","0","","0",""
"tools\EndConversation\PreToolUse.json","Direct executable","1","821.555","0","0","","0",""
"tools\EndConversation\PreToolUse.json","PowerShell wrapper","2","561.564","0","0","","0",""
"tools\EndConversation\PreToolUse.json","Direct executable","2","40.89","0","0","","0",""
"tools\EndConversation\PreToolUse.json","PowerShell wrapper","3","569.344","0","0","","0",""
"tools\EndConversation\PreToolUse.json","Direct executable","3","43.901","0","0","","0",""
"tools\EndConversation\PreToolUse.json","PowerShell wrapper","4","579.441","0","0","","0",""
"tools\EndConversation\PreToolUse.json","Direct executable","4","41.614","0","0","","0",""
"tools\EndConversation\PreToolUse.json","PowerShell wrapper","5","578.241","0","0","","0",""
"tools\EndConversation\PreToolUse.json","Direct executable","5","40.898","0","0","","0",""
"tools\EnterPlanMode\PostToolUse.json","PowerShell wrapper","1","571.15","0","0","","0",""
"tools\EnterPlanMode\PostToolUse.json","Direct executable","1","302.264","0","0","","0",""
"tools\EnterPlanMode\PostToolUse.json","PowerShell wrapper","2","571.171","0","0","","0",""
"tools\EnterPlanMode\PostToolUse.json","Direct executable","2","46.735","0","0","","0",""
"tools\EnterPlanMode\PostToolUse.json","PowerShell wrapper","3","586.55","0","0","","0",""
"tools\EnterPlanMode\PostToolUse.json","Direct executable","3","41.959","0","0","","0",""
"tools\EnterPlanMode\PostToolUse.json","PowerShell wrapper","4","573.458","0","0","","0",""
"tools\EnterPlanMode\PostToolUse.json","Direct executable","4","47.988","0","0","","0",""
"tools\EnterPlanMode\PostToolUse.json","PowerShell wrapper","5","587.254","0","0","","0",""
"tools\EnterPlanMode\PostToolUse.json","Direct executable","5","42.509","0","0","","0",""
"tools\EnterPlanMode\PreToolUse.json","PowerShell wrapper","1","583.556","0","0","","0",""
"tools\EnterPlanMode\PreToolUse.json","Direct executable","1","640.987","0","0","","0",""
"tools\EnterPlanMode\PreToolUse.json","PowerShell wrapper","2","592.794","0","0","","0",""
"tools\EnterPlanMode\PreToolUse.json","Direct executable","2","46.336","0","0","","0",""
"tools\EnterPlanMode\PreToolUse.json","PowerShell wrapper","3","616.164","0","0","","0",""
"tools\EnterPlanMode\PreToolUse.json","Direct executable","3","48.934","0","0","","0",""
"tools\EnterPlanMode\PreToolUse.json","PowerShell wrapper","4","567.471","0","0","","0",""
"tools\EnterPlanMode\PreToolUse.json","Direct executable","4","47.212","0","0","","0",""
"tools\EnterPlanMode\PreToolUse.json","PowerShell wrapper","5","592.623","0","0","","0",""
"tools\EnterPlanMode\PreToolUse.json","Direct executable","5","49.364","0","0","","0",""
"tools\EnterWorktree\PostToolUse.json","PowerShell wrapper","1","599.118","0","0","","0",""
"tools\EnterWorktree\PostToolUse.json","Direct executable","1","366.32","0","0","","0",""
"tools\EnterWorktree\PostToolUse.json","PowerShell wrapper","2","587.171","0","0","","0",""
"tools\EnterWorktree\PostToolUse.json","Direct executable","2","51.883","0","0","","0",""
"tools\EnterWorktree\PostToolUse.json","PowerShell wrapper","3","611.12","0","0","","0",""
"tools\EnterWorktree\PostToolUse.json","Direct executable","3","55.554","0","0","","0",""
"tools\EnterWorktree\PostToolUse.json","PowerShell wrapper","4","585.576","0","0","","0",""
"tools\EnterWorktree\PostToolUse.json","Direct executable","4","45.598","0","0","","0",""
"tools\EnterWorktree\PostToolUse.json","PowerShell wrapper","5","586.403","0","0","","0",""
"tools\EnterWorktree\PostToolUse.json","Direct executable","5","50.282","0","0","","0",""
"tools\EnterWorktree\PreToolUse.json","PowerShell wrapper","1","586.2","0","0","","0",""
"tools\EnterWorktree\PreToolUse.json","Direct executable","1","211.722","0","0","","0",""
"tools\EnterWorktree\PreToolUse.json","PowerShell wrapper","2","607.593","0","0","","0",""
"tools\EnterWorktree\PreToolUse.json","Direct executable","2","45.764","0","0","","0",""
"tools\EnterWorktree\PreToolUse.json","PowerShell wrapper","3","578.716","0","0","","0",""
"tools\EnterWorktree\PreToolUse.json","Direct executable","3","44.655","0","0","","0",""
"tools\EnterWorktree\PreToolUse.json","PowerShell wrapper","4","601.387","0","0","","0",""
"tools\EnterWorktree\PreToolUse.json","Direct executable","4","46.007","0","0","","0",""
"tools\EnterWorktree\PreToolUse.json","PowerShell wrapper","5","610.071","0","0","","0",""
"tools\EnterWorktree\PreToolUse.json","Direct executable","5","41.706","0","0","","0",""
"tools\ExitPlanMode\PostToolUse.json","PowerShell wrapper","1","618.096","0","0","","0",""
"tools\ExitPlanMode\PostToolUse.json","Direct executable","1","478.538","0","0","","0",""
"tools\ExitPlanMode\PostToolUse.json","PowerShell wrapper","2","620.784","0","0","","0",""
"tools\ExitPlanMode\PostToolUse.json","Direct executable","2","43.133","0","0","","0",""
"tools\ExitPlanMode\PostToolUse.json","PowerShell wrapper","3","566.803","0","0","","0",""
"tools\ExitPlanMode\PostToolUse.json","Direct executable","3","51.241","0","0","","0",""
"tools\ExitPlanMode\PostToolUse.json","PowerShell wrapper","4","607.302","0","0","","0",""
"tools\ExitPlanMode\PostToolUse.json","Direct executable","4","46.323","0","0","","0",""
"tools\ExitPlanMode\PostToolUse.json","PowerShell wrapper","5","577.111","0","0","","0",""
"tools\ExitPlanMode\PostToolUse.json","Direct executable","5","48.144","0","0","","0",""
"tools\ExitPlanMode\PreToolUse.json","PowerShell wrapper","1","593.055","0","0","","0",""
"tools\ExitPlanMode\PreToolUse.json","Direct executable","1","561.102","0","0","","0",""
"tools\ExitPlanMode\PreToolUse.json","PowerShell wrapper","2","649.164","0","0","","0",""
"tools\ExitPlanMode\PreToolUse.json","Direct executable","2","51.62","0","0","","0",""
"tools\ExitPlanMode\PreToolUse.json","PowerShell wrapper","3","607.08","0","0","","0",""
"tools\ExitPlanMode\PreToolUse.json","Direct executable","3","47.968","0","0","","0",""
"tools\ExitPlanMode\PreToolUse.json","PowerShell wrapper","4","677.14","0","0","","0",""
"tools\ExitPlanMode\PreToolUse.json","Direct executable","4","53.194","0","0","","0",""
"tools\ExitPlanMode\PreToolUse.json","PowerShell wrapper","5","629.881","0","0","","0",""
"tools\ExitPlanMode\PreToolUse.json","Direct executable","5","47.638","0","0","","0",""
"tools\ExitWorktree\PostToolUse.json","PowerShell wrapper","1","634.173","0","0","","0",""
"tools\ExitWorktree\PostToolUse.json","Direct executable","1","211.861","0","0","","0",""
"tools\ExitWorktree\PostToolUse.json","PowerShell wrapper","2","627.614","0","0","","0",""
"tools\ExitWorktree\PostToolUse.json","Direct executable","2","51.189","0","0","","0",""
"tools\ExitWorktree\PostToolUse.json","PowerShell wrapper","3","572.671","0","0","","0",""
"tools\ExitWorktree\PostToolUse.json","Direct executable","3","46.15","0","0","","0",""
"tools\ExitWorktree\PostToolUse.json","PowerShell wrapper","4","582.542","0","0","","0",""
"tools\ExitWorktree\PostToolUse.json","Direct executable","4","50.894","0","0","","0",""
"tools\ExitWorktree\PostToolUse.json","PowerShell wrapper","5","626.462","0","0","","0",""
"tools\ExitWorktree\PostToolUse.json","Direct executable","5","48.103","0","0","","0",""
"tools\ExitWorktree\PreToolUse.json","PowerShell wrapper","1","591.955","0","0","","0",""
"tools\ExitWorktree\PreToolUse.json","Direct executable","1","661.461","0","0","","0",""
"tools\ExitWorktree\PreToolUse.json","PowerShell wrapper","2","595.644","0","0","","0",""
"tools\ExitWorktree\PreToolUse.json","Direct executable","2","45.542","0","0","","0",""
"tools\ExitWorktree\PreToolUse.json","PowerShell wrapper","3","584.517","0","0","","0",""
"tools\ExitWorktree\PreToolUse.json","Direct executable","3","48.196","0","0","","0",""
"tools\ExitWorktree\PreToolUse.json","PowerShell wrapper","4","625.865","0","0","","0",""
"tools\ExitWorktree\PreToolUse.json","Direct executable","4","44.387","0","0","","0",""
"tools\ExitWorktree\PreToolUse.json","PowerShell wrapper","5","577.211","0","0","","0",""
"tools\ExitWorktree\PreToolUse.json","Direct executable","5","49.384","0","0","","0",""
"tools\Glob\PostToolUse.json","PowerShell wrapper","1","581.161","0","0","","0",""
"tools\Glob\PostToolUse.json","Direct executable","1","198.115","0","0","","0",""
"tools\Glob\PostToolUse.json","PowerShell wrapper","2","649.659","0","0","","0",""
"tools\Glob\PostToolUse.json","Direct executable","2","52.474","0","0","","0",""
"tools\Glob\PostToolUse.json","PowerShell wrapper","3","586.552","0","0","","0",""
"tools\Glob\PostToolUse.json","Direct executable","3","43.425","0","0","","0",""
"tools\Glob\PostToolUse.json","PowerShell wrapper","4","571.968","0","0","","0",""
"tools\Glob\PostToolUse.json","Direct executable","4","47.206","0","0","","0",""
"tools\Glob\PostToolUse.json","PowerShell wrapper","5","568.964","0","0","","0",""
"tools\Glob\PostToolUse.json","Direct executable","5","42.326","0","0","","0",""
"tools\Glob\PreToolUse.json","PowerShell wrapper","1","613.948","0","0","","0",""
"tools\Glob\PreToolUse.json","Direct executable","1","577.444","0","0","","0",""
"tools\Glob\PreToolUse.json","PowerShell wrapper","2","568.936","0","0","","0",""
"tools\Glob\PreToolUse.json","Direct executable","2","42.084","0","0","","0",""
"tools\Glob\PreToolUse.json","PowerShell wrapper","3","588.162","0","0","","0",""
"tools\Glob\PreToolUse.json","Direct executable","3","42.4","0","0","","0",""
"tools\Glob\PreToolUse.json","PowerShell wrapper","4","591.059","0","0","","0",""
"tools\Glob\PreToolUse.json","Direct executable","4","51.757","0","0","","0",""
"tools\Glob\PreToolUse.json","PowerShell wrapper","5","583.401","0","0","","0",""
"tools\Glob\PreToolUse.json","Direct executable","5","44.038","0","0","","0",""
"tools\Grep\PostToolUse.json","PowerShell wrapper","1","579.494","0","0","","0",""
"tools\Grep\PostToolUse.json","Direct executable","1","849.635","0","0","","0",""
"tools\Grep\PostToolUse.json","PowerShell wrapper","2","579.22","0","0","","0",""
"tools\Grep\PostToolUse.json","Direct executable","2","44.983","0","0","","0",""
"tools\Grep\PostToolUse.json","PowerShell wrapper","3","569.323","0","0","","0",""
"tools\Grep\PostToolUse.json","Direct executable","3","48.224","0","0","","0",""
"tools\Grep\PostToolUse.json","PowerShell wrapper","4","560.404","0","0","","0",""
"tools\Grep\PostToolUse.json","Direct executable","4","41.266","0","0","","0",""
"tools\Grep\PostToolUse.json","PowerShell wrapper","5","577.326","0","0","","0",""
"tools\Grep\PostToolUse.json","Direct executable","5","47.467","0","0","","0",""
"tools\Grep\PreToolUse.json","PowerShell wrapper","1","579.32","0","0","","0",""
"tools\Grep\PreToolUse.json","Direct executable","1","934.717","0","0","","0",""
"tools\Grep\PreToolUse.json","PowerShell wrapper","2","568.448","0","0","","0",""
"tools\Grep\PreToolUse.json","Direct executable","2","41.573","0","0","","0",""
"tools\Grep\PreToolUse.json","PowerShell wrapper","3","575.814","0","0","","0",""
"tools\Grep\PreToolUse.json","Direct executable","3","43.287","0","0","","0",""
"tools\Grep\PreToolUse.json","PowerShell wrapper","4","564.416","0","0","","0",""
"tools\Grep\PreToolUse.json","Direct executable","4","41.94","0","0","","0",""
"tools\Grep\PreToolUse.json","PowerShell wrapper","5","569.606","0","0","","0",""
"tools\Grep\PreToolUse.json","Direct executable","5","40.548","0","0","","0",""
"tools\ListAgents\PostToolUse.json","PowerShell wrapper","1","586.848","0","0","","0",""
"tools\ListAgents\PostToolUse.json","Direct executable","1","967.649","0","0","","0",""
"tools\ListAgents\PostToolUse.json","PowerShell wrapper","2","558.617","0","0","","0",""
"tools\ListAgents\PostToolUse.json","Direct executable","2","40.812","0","0","","0",""
"tools\ListAgents\PostToolUse.json","PowerShell wrapper","3","572.521","0","0","","0",""
"tools\ListAgents\PostToolUse.json","Direct executable","3","45.696","0","0","","0",""
"tools\ListAgents\PostToolUse.json","PowerShell wrapper","4","556.189","0","0","","0",""
"tools\ListAgents\PostToolUse.json","Direct executable","4","41.715","0","0","","0",""
"tools\ListAgents\PostToolUse.json","PowerShell wrapper","5","564.562","0","0","","0",""
"tools\ListAgents\PostToolUse.json","Direct executable","5","45.386","0","0","","0",""
"tools\ListAgents\PreToolUse.json","PowerShell wrapper","1","580.976","0","0","","0",""
"tools\ListAgents\PreToolUse.json","Direct executable","1","997.311","0","0","","0",""
"tools\ListAgents\PreToolUse.json","PowerShell wrapper","2","583.375","0","0","","0",""
"tools\ListAgents\PreToolUse.json","Direct executable","2","41.565","0","0","","0",""
"tools\ListAgents\PreToolUse.json","PowerShell wrapper","3","571.352","0","0","","0",""
"tools\ListAgents\PreToolUse.json","Direct executable","3","41.176","0","0","","0",""
"tools\ListAgents\PreToolUse.json","PowerShell wrapper","4","582.193","0","0","","0",""
"tools\ListAgents\PreToolUse.json","Direct executable","4","50.393","0","0","","0",""
"tools\ListAgents\PreToolUse.json","PowerShell wrapper","5","605.146","0","0","","0",""
"tools\ListAgents\PreToolUse.json","Direct executable","5","51.101","0","0","","0",""
"tools\mcp__claude_ai_Gmail__authenticate\PostToolUse.json","PowerShell wrapper","1","590.12","0","0","","0",""
"tools\mcp__claude_ai_Gmail__authenticate\PostToolUse.json","Direct executable","1","847.021","0","0","","0",""
"tools\mcp__claude_ai_Gmail__authenticate\PostToolUse.json","PowerShell wrapper","2","583.082","0","0","","0",""
"tools\mcp__claude_ai_Gmail__authenticate\PostToolUse.json","Direct executable","2","49.94","0","0","","0",""
"tools\mcp__claude_ai_Gmail__authenticate\PostToolUse.json","PowerShell wrapper","3","610.587","0","0","","0",""
"tools\mcp__claude_ai_Gmail__authenticate\PostToolUse.json","Direct executable","3","46.892","0","0","","0",""
"tools\mcp__claude_ai_Gmail__authenticate\PostToolUse.json","PowerShell wrapper","4","611.575","0","0","","0",""
"tools\mcp__claude_ai_Gmail__authenticate\PostToolUse.json","Direct executable","4","49.568","0","0","","0",""
"tools\mcp__claude_ai_Gmail__authenticate\PostToolUse.json","PowerShell wrapper","5","605.491","0","0","","0",""
"tools\mcp__claude_ai_Gmail__authenticate\PostToolUse.json","Direct executable","5","46.862","0","0","","0",""
"tools\mcp__claude_ai_Gmail__authenticate\PreToolUse.json","PowerShell wrapper","1","590.657","0","0","","0",""
"tools\mcp__claude_ai_Gmail__authenticate\PreToolUse.json","Direct executable","1","808.374","0","0","","0",""
"tools\mcp__claude_ai_Gmail__authenticate\PreToolUse.json","PowerShell wrapper","2","575.385","0","0","","0",""
"tools\mcp__claude_ai_Gmail__authenticate\PreToolUse.json","Direct executable","2","47.032","0","0","","0",""
"tools\mcp__claude_ai_Gmail__authenticate\PreToolUse.json","PowerShell wrapper","3","603.272","0","0","","0",""
"tools\mcp__claude_ai_Gmail__authenticate\PreToolUse.json","Direct executable","3","43.776","0","0","","0",""
"tools\mcp__claude_ai_Gmail__authenticate\PreToolUse.json","PowerShell wrapper","4","573.93","0","0","","0",""
"tools\mcp__claude_ai_Gmail__authenticate\PreToolUse.json","Direct executable","4","44.348","0","0","","0",""
"tools\mcp__claude_ai_Gmail__authenticate\PreToolUse.json","PowerShell wrapper","5","594.49","0","0","","0",""
"tools\mcp__claude_ai_Gmail__authenticate\PreToolUse.json","Direct executable","5","48.276","0","0","","0",""
"tools\mcp__claude_ai_Gmail__complete_authentication\PostToolUse.json","PowerShell wrapper","1","594.114","0","0","","0",""
"tools\mcp__claude_ai_Gmail__complete_authentication\PostToolUse.json","Direct executable","1","174.446","0","0","","0",""
"tools\mcp__claude_ai_Gmail__complete_authentication\PostToolUse.json","PowerShell wrapper","2","585.973","0","0","","0",""
"tools\mcp__claude_ai_Gmail__complete_authentication\PostToolUse.json","Direct executable","2","51.338","0","0","","0",""
"tools\mcp__claude_ai_Gmail__complete_authentication\PostToolUse.json","PowerShell wrapper","3","597.184","0","0","","0",""
"tools\mcp__claude_ai_Gmail__complete_authentication\PostToolUse.json","Direct executable","3","52.119","0","0","","0",""
"tools\mcp__claude_ai_Gmail__complete_authentication\PostToolUse.json","PowerShell wrapper","4","612.942","0","0","","0",""
"tools\mcp__claude_ai_Gmail__complete_authentication\PostToolUse.json","Direct executable","4","46.85","0","0","","0",""
"tools\mcp__claude_ai_Gmail__complete_authentication\PostToolUse.json","PowerShell wrapper","5","580.074","0","0","","0",""
"tools\mcp__claude_ai_Gmail__complete_authentication\PostToolUse.json","Direct executable","5","50.251","0","0","","0",""
"tools\mcp__claude_ai_Gmail__complete_authentication\PreToolUse.json","PowerShell wrapper","1","593.826","0","0","","0",""
"tools\mcp__claude_ai_Gmail__complete_authentication\PreToolUse.json","Direct executable","1","391.022","0","0","","0",""
"tools\mcp__claude_ai_Gmail__complete_authentication\PreToolUse.json","PowerShell wrapper","2","629.922","0","0","","0",""
"tools\mcp__claude_ai_Gmail__complete_authentication\PreToolUse.json","Direct executable","2","48.819","0","0","","0",""
"tools\mcp__claude_ai_Gmail__complete_authentication\PreToolUse.json","PowerShell wrapper","3","585.862","0","0","","0",""
"tools\mcp__claude_ai_Gmail__complete_authentication\PreToolUse.json","Direct executable","3","45.26","0","0","","0",""
"tools\mcp__claude_ai_Gmail__complete_authentication\PreToolUse.json","PowerShell wrapper","4","566.904","0","0","","0",""
"tools\mcp__claude_ai_Gmail__complete_authentication\PreToolUse.json","Direct executable","4","42.289","0","0","","0",""
"tools\mcp__claude_ai_Gmail__complete_authentication\PreToolUse.json","PowerShell wrapper","5","596.963","0","0","","0",""
"tools\mcp__claude_ai_Gmail__complete_authentication\PreToolUse.json","Direct executable","5","48.922","0","0","","0",""
"tools\mcp__claude_ai_Google_Calendar__authenticate\PostToolUse.json","PowerShell wrapper","1","581.992","0","0","","0",""
"tools\mcp__claude_ai_Google_Calendar__authenticate\PostToolUse.json","Direct executable","1","334.224","0","0","","0",""
"tools\mcp__claude_ai_Google_Calendar__authenticate\PostToolUse.json","PowerShell wrapper","2","567.985","0","0","","0",""
"tools\mcp__claude_ai_Google_Calendar__authenticate\PostToolUse.json","Direct executable","2","45.362","0","0","","0",""
"tools\mcp__claude_ai_Google_Calendar__authenticate\PostToolUse.json","PowerShell wrapper","3","577.089","0","0","","0",""
"tools\mcp__claude_ai_Google_Calendar__authenticate\PostToolUse.json","Direct executable","3","44.414","0","0","","0",""
"tools\mcp__claude_ai_Google_Calendar__authenticate\PostToolUse.json","PowerShell wrapper","4","587.181","0","0","","0",""
"tools\mcp__claude_ai_Google_Calendar__authenticate\PostToolUse.json","Direct executable","4","41.977","0","0","","0",""
"tools\mcp__claude_ai_Google_Calendar__authenticate\PostToolUse.json","PowerShell wrapper","5","570.511","0","0","","0",""
"tools\mcp__claude_ai_Google_Calendar__authenticate\PostToolUse.json","Direct executable","5","45.081","0","0","","0",""
"tools\mcp__claude_ai_Google_Calendar__authenticate\PreToolUse.json","PowerShell wrapper","1","598.948","0","0","","0",""
"tools\mcp__claude_ai_Google_Calendar__authenticate\PreToolUse.json","Direct executable","1","513.302","0","0","","0",""
"tools\mcp__claude_ai_Google_Calendar__authenticate\PreToolUse.json","PowerShell wrapper","2","589.012","0","0","","0",""
"tools\mcp__claude_ai_Google_Calendar__authenticate\PreToolUse.json","Direct executable","2","42.437","0","0","","0",""
"tools\mcp__claude_ai_Google_Calendar__authenticate\PreToolUse.json","PowerShell wrapper","3","571.792","0","0","","0",""
"tools\mcp__claude_ai_Google_Calendar__authenticate\PreToolUse.json","Direct executable","3","45.482","0","0","","0",""
"tools\mcp__claude_ai_Google_Calendar__authenticate\PreToolUse.json","PowerShell wrapper","4","573.745","0","0","","0",""
"tools\mcp__claude_ai_Google_Calendar__authenticate\PreToolUse.json","Direct executable","4","42.274","0","0","","0",""
"tools\mcp__claude_ai_Google_Calendar__authenticate\PreToolUse.json","PowerShell wrapper","5","593.198","0","0","","0",""
"tools\mcp__claude_ai_Google_Calendar__authenticate\PreToolUse.json","Direct executable","5","46.003","0","0","","0",""
"tools\mcp__claude_ai_Google_Calendar__complete_authentication\PostToolUse.json","PowerShell wrapper","1","590.661","0","0","","0",""
"tools\mcp__claude_ai_Google_Calendar__complete_authentication\PostToolUse.json","Direct executable","1","363.608","0","0","","0",""
"tools\mcp__claude_ai_Google_Calendar__complete_authentication\PostToolUse.json","PowerShell wrapper","2","586.88","0","0","","0",""
"tools\mcp__claude_ai_Google_Calendar__complete_authentication\PostToolUse.json","Direct executable","2","46.158","0","0","","0",""
"tools\mcp__claude_ai_Google_Calendar__complete_authentication\PostToolUse.json","PowerShell wrapper","3","579.628","0","0","","0",""
"tools\mcp__claude_ai_Google_Calendar__complete_authentication\PostToolUse.json","Direct executable","3","41.832","0","0","","0",""
"tools\mcp__claude_ai_Google_Calendar__complete_authentication\PostToolUse.json","PowerShell wrapper","4","582.73","0","0","","0",""
"tools\mcp__claude_ai_Google_Calendar__complete_authentication\PostToolUse.json","Direct executable","4","40.945","0","0","","0",""
"tools\mcp__claude_ai_Google_Calendar__complete_authentication\PostToolUse.json","PowerShell wrapper","5","571.753","0","0","","0",""
"tools\mcp__claude_ai_Google_Calendar__complete_authentication\PostToolUse.json","Direct executable","5","44.267","0","0","","0",""
"tools\mcp__claude_ai_Google_Calendar__complete_authentication\PreToolUse.json","PowerShell wrapper","1","573.043","0","0","","0",""
"tools\mcp__claude_ai_Google_Calendar__complete_authentication\PreToolUse.json","Direct executable","1","452.159","0","0","","0",""
"tools\mcp__claude_ai_Google_Calendar__complete_authentication\PreToolUse.json","PowerShell wrapper","2","603.323","0","0","","0",""
"tools\mcp__claude_ai_Google_Calendar__complete_authentication\PreToolUse.json","Direct executable","2","40.233","0","0","","0",""
"tools\mcp__claude_ai_Google_Calendar__complete_authentication\PreToolUse.json","PowerShell wrapper","3","572.624","0","0","","0",""
"tools\mcp__claude_ai_Google_Calendar__complete_authentication\PreToolUse.json","Direct executable","3","42.127","0","0","","0",""
"tools\mcp__claude_ai_Google_Calendar__complete_authentication\PreToolUse.json","PowerShell wrapper","4","631.007","0","0","","0",""
"tools\mcp__claude_ai_Google_Calendar__complete_authentication\PreToolUse.json","Direct executable","4","51.771","0","0","","0",""
"tools\mcp__claude_ai_Google_Calendar__complete_authentication\PreToolUse.json","PowerShell wrapper","5","622.533","0","0","","0",""
"tools\mcp__claude_ai_Google_Calendar__complete_authentication\PreToolUse.json","Direct executable","5","45.492","0","0","","0",""
"tools\mcp__claude_ai_Google_Drive__authenticate\PostToolUse.json","PowerShell wrapper","1","668.856","0","0","","0",""
"tools\mcp__claude_ai_Google_Drive__authenticate\PostToolUse.json","Direct executable","1","282.094","0","0","","0",""
"tools\mcp__claude_ai_Google_Drive__authenticate\PostToolUse.json","PowerShell wrapper","2","658.239","0","0","","0",""
"tools\mcp__claude_ai_Google_Drive__authenticate\PostToolUse.json","Direct executable","2","52.664","0","0","","0",""
"tools\mcp__claude_ai_Google_Drive__authenticate\PostToolUse.json","PowerShell wrapper","3","649.47","0","0","","0",""
"tools\mcp__claude_ai_Google_Drive__authenticate\PostToolUse.json","Direct executable","3","54.135","0","0","","0",""
"tools\mcp__claude_ai_Google_Drive__authenticate\PostToolUse.json","PowerShell wrapper","4","665.245","0","0","","0",""
"tools\mcp__claude_ai_Google_Drive__authenticate\PostToolUse.json","Direct executable","4","52.748","0","0","","0",""
"tools\mcp__claude_ai_Google_Drive__authenticate\PostToolUse.json","PowerShell wrapper","5","659.506","0","0","","0",""
"tools\mcp__claude_ai_Google_Drive__authenticate\PostToolUse.json","Direct executable","5","54.697","0","0","","0",""
"tools\mcp__claude_ai_Google_Drive__authenticate\PreToolUse.json","PowerShell wrapper","1","654.513","0","0","","0",""
"tools\mcp__claude_ai_Google_Drive__authenticate\PreToolUse.json","Direct executable","1","541.356","0","0","","0",""
"tools\mcp__claude_ai_Google_Drive__authenticate\PreToolUse.json","PowerShell wrapper","2","632.356","0","0","","0",""
"tools\mcp__claude_ai_Google_Drive__authenticate\PreToolUse.json","Direct executable","2","46.941","0","0","","0",""
"tools\mcp__claude_ai_Google_Drive__authenticate\PreToolUse.json","PowerShell wrapper","3","629.477","0","0","","0",""
"tools\mcp__claude_ai_Google_Drive__authenticate\PreToolUse.json","Direct executable","3","49.771","0","0","","0",""
"tools\mcp__claude_ai_Google_Drive__authenticate\PreToolUse.json","PowerShell wrapper","4","629.746","0","0","","0",""
"tools\mcp__claude_ai_Google_Drive__authenticate\PreToolUse.json","Direct executable","4","51.742","0","0","","0",""
"tools\mcp__claude_ai_Google_Drive__authenticate\PreToolUse.json","PowerShell wrapper","5","617.166","0","0","","0",""
"tools\mcp__claude_ai_Google_Drive__authenticate\PreToolUse.json","Direct executable","5","46.62","0","0","","0",""
"tools\mcp__claude_ai_Google_Drive__complete_authentication\PostToolUse.json","PowerShell wrapper","1","629.891","0","0","","0",""
"tools\mcp__claude_ai_Google_Drive__complete_authentication\PostToolUse.json","Direct executable","1","992.141","0","0","","0",""
"tools\mcp__claude_ai_Google_Drive__complete_authentication\PostToolUse.json","PowerShell wrapper","2","620.116","0","0","","0",""
"tools\mcp__claude_ai_Google_Drive__complete_authentication\PostToolUse.json","Direct executable","2","46.461","0","0","","0",""
"tools\mcp__claude_ai_Google_Drive__complete_authentication\PostToolUse.json","PowerShell wrapper","3","597.479","0","0","","0",""
"tools\mcp__claude_ai_Google_Drive__complete_authentication\PostToolUse.json","Direct executable","3","43.383","0","0","","0",""
"tools\mcp__claude_ai_Google_Drive__complete_authentication\PostToolUse.json","PowerShell wrapper","4","585.447","0","0","","0",""
"tools\mcp__claude_ai_Google_Drive__complete_authentication\PostToolUse.json","Direct executable","4","45.217","0","0","","0",""
"tools\mcp__claude_ai_Google_Drive__complete_authentication\PostToolUse.json","PowerShell wrapper","5","591.139","0","0","","0",""
"tools\mcp__claude_ai_Google_Drive__complete_authentication\PostToolUse.json","Direct executable","5","43.283","0","0","","0",""
"tools\mcp__claude_ai_Google_Drive__complete_authentication\PreToolUse.json","PowerShell wrapper","1","575.614","0","0","","0",""
"tools\mcp__claude_ai_Google_Drive__complete_authentication\PreToolUse.json","Direct executable","1","1309.248","0","0","","0",""
"tools\mcp__claude_ai_Google_Drive__complete_authentication\PreToolUse.json","PowerShell wrapper","2","607.98","0","0","","0",""
"tools\mcp__claude_ai_Google_Drive__complete_authentication\PreToolUse.json","Direct executable","2","46.374","0","0","","0",""
"tools\mcp__claude_ai_Google_Drive__complete_authentication\PreToolUse.json","PowerShell wrapper","3","583.705","0","0","","0",""
"tools\mcp__claude_ai_Google_Drive__complete_authentication\PreToolUse.json","Direct executable","3","46.979","0","0","","0",""
"tools\mcp__claude_ai_Google_Drive__complete_authentication\PreToolUse.json","PowerShell wrapper","4","596.106","0","0","","0",""
"tools\mcp__claude_ai_Google_Drive__complete_authentication\PreToolUse.json","Direct executable","4","42.95","0","0","","0",""
"tools\mcp__claude_ai_Google_Drive__complete_authentication\PreToolUse.json","PowerShell wrapper","5","593.546","0","0","","0",""
"tools\mcp__claude_ai_Google_Drive__complete_authentication\PreToolUse.json","Direct executable","5","52.398","0","0","","0",""
"tools\NotebookEdit\PostToolUse.json","PowerShell wrapper","1","621.765","0","0","","0",""
"tools\NotebookEdit\PostToolUse.json","Direct executable","1","414.443","0","0","","0",""
"tools\NotebookEdit\PostToolUse.json","PowerShell wrapper","2","579.131","0","0","","0",""
"tools\NotebookEdit\PostToolUse.json","Direct executable","2","43.019","0","0","","0",""
"tools\NotebookEdit\PostToolUse.json","PowerShell wrapper","3","595.485","0","0","","0",""
"tools\NotebookEdit\PostToolUse.json","Direct executable","3","44.386","0","0","","0",""
"tools\NotebookEdit\PostToolUse.json","PowerShell wrapper","4","592.971","0","0","","0",""
"tools\NotebookEdit\PostToolUse.json","Direct executable","4","47.883","0","0","","0",""
"tools\NotebookEdit\PostToolUse.json","PowerShell wrapper","5","589.201","0","0","","0",""
"tools\NotebookEdit\PostToolUse.json","Direct executable","5","42.494","0","0","","0",""
"tools\NotebookEdit\PreToolUse.json","PowerShell wrapper","1","590.326","0","0","","0",""
"tools\NotebookEdit\PreToolUse.json","Direct executable","1","604.057","0","0","","0",""
"tools\NotebookEdit\PreToolUse.json","PowerShell wrapper","2","595.025","0","0","","0",""
"tools\NotebookEdit\PreToolUse.json","Direct executable","2","46.877","0","0","","0",""
"tools\NotebookEdit\PreToolUse.json","PowerShell wrapper","3","584.471","0","0","","0",""
"tools\NotebookEdit\PreToolUse.json","Direct executable","3","44.986","0","0","","0",""
"tools\NotebookEdit\PreToolUse.json","PowerShell wrapper","4","605.633","0","0","","0",""
"tools\NotebookEdit\PreToolUse.json","Direct executable","4","44.177","0","0","","0",""
"tools\NotebookEdit\PreToolUse.json","PowerShell wrapper","5","634.452","0","0","","0",""
"tools\NotebookEdit\PreToolUse.json","Direct executable","5","55.071","0","0","","0",""
"tools\PowerShell\PostToolUse.json","PowerShell wrapper","1","606.801","0","0","","0",""
"tools\PowerShell\PostToolUse.json","Direct executable","1","797.362","0","0","","0",""
"tools\PowerShell\PostToolUse.json","PowerShell wrapper","2","594.052","0","0","","0",""
"tools\PowerShell\PostToolUse.json","Direct executable","2","43.823","0","0","","0",""
"tools\PowerShell\PostToolUse.json","PowerShell wrapper","3","578.767","0","0","","0",""
"tools\PowerShell\PostToolUse.json","Direct executable","3","43.795","0","0","","0",""
"tools\PowerShell\PostToolUse.json","PowerShell wrapper","4","585.614","0","0","","0",""
"tools\PowerShell\PostToolUse.json","Direct executable","4","46.563","0","0","","0",""
"tools\PowerShell\PostToolUse.json","PowerShell wrapper","5","579.862","0","0","","0",""
"tools\PowerShell\PostToolUse.json","Direct executable","5","42.6","0","0","","0",""
"tools\PowerShell\PreToolUse.json","PowerShell wrapper","1","575.985","0","0","","0",""
"tools\PowerShell\PreToolUse.json","Direct executable","1","163.478","0","0","","0",""
"tools\PowerShell\PreToolUse.json","PowerShell wrapper","2","596.317","0","0","","0",""
"tools\PowerShell\PreToolUse.json","Direct executable","2","48.754","0","0","","0",""
"tools\PowerShell\PreToolUse.json","PowerShell wrapper","3","646.351","0","0","","0",""
"tools\PowerShell\PreToolUse.json","Direct executable","3","45.003","0","0","","0",""
"tools\PowerShell\PreToolUse.json","PowerShell wrapper","4","605.568","0","0","","0",""
"tools\PowerShell\PreToolUse.json","Direct executable","4","48.758","0","0","","0",""
"tools\PowerShell\PreToolUse.json","PowerShell wrapper","5","589.681","0","0","","0",""
"tools\PowerShell\PreToolUse.json","Direct executable","5","39.882","0","0","","0",""
"tools\PushNotification\PostToolUse.json","PowerShell wrapper","1","590.565","0","0","","0",""
"tools\PushNotification\PostToolUse.json","Direct executable","1","601.252","0","0","","0",""
"tools\PushNotification\PostToolUse.json","PowerShell wrapper","2","575.729","0","0","","0",""
"tools\PushNotification\PostToolUse.json","Direct executable","2","42.222","0","0","","0",""
"tools\PushNotification\PostToolUse.json","PowerShell wrapper","3","598.205","0","0","","0",""
"tools\PushNotification\PostToolUse.json","Direct executable","3","47.7","0","0","","0",""
"tools\PushNotification\PostToolUse.json","PowerShell wrapper","4","610.881","0","0","","0",""
"tools\PushNotification\PostToolUse.json","Direct executable","4","45.533","0","0","","0",""
"tools\PushNotification\PostToolUse.json","PowerShell wrapper","5","620.428","0","0","","0",""
"tools\PushNotification\PostToolUse.json","Direct executable","5","46.302","0","0","","0",""
"tools\PushNotification\PreToolUse.json","PowerShell wrapper","1","607.05","0","0","","0",""
"tools\PushNotification\PreToolUse.json","Direct executable","1","793.77","0","0","","0",""
"tools\PushNotification\PreToolUse.json","PowerShell wrapper","2","626.974","0","0","","0",""
"tools\PushNotification\PreToolUse.json","Direct executable","2","44.355","0","0","","0",""
"tools\PushNotification\PreToolUse.json","PowerShell wrapper","3","590.098","0","0","","0",""
"tools\PushNotification\PreToolUse.json","Direct executable","3","43.631","0","0","","0",""
"tools\PushNotification\PreToolUse.json","PowerShell wrapper","4","578.994","0","0","","0",""
"tools\PushNotification\PreToolUse.json","Direct executable","4","44.98","0","0","","0",""
"tools\PushNotification\PreToolUse.json","PowerShell wrapper","5","598.819","0","0","","0",""
"tools\PushNotification\PreToolUse.json","Direct executable","5","45.528","0","0","","0",""
"tools\Read\PostToolUse.json","PowerShell wrapper","1","598.42","0","0","","0",""
"tools\Read\PostToolUse.json","Direct executable","1","420.73","0","0","","0",""
"tools\Read\PostToolUse.json","PowerShell wrapper","2","583.839","0","0","","0",""
"tools\Read\PostToolUse.json","Direct executable","2","48.017","0","0","","0",""
"tools\Read\PostToolUse.json","PowerShell wrapper","3","592.86","0","0","","0",""
"tools\Read\PostToolUse.json","Direct executable","3","52.662","0","0","","0",""
"tools\Read\PostToolUse.json","PowerShell wrapper","4","600.474","0","0","","0",""
"tools\Read\PostToolUse.json","Direct executable","4","44.405","0","0","","0",""
"tools\Read\PostToolUse.json","PowerShell wrapper","5","588.793","0","0","","0",""
"tools\Read\PostToolUse.json","Direct executable","5","49.856","0","0","","0",""
"tools\Read\PreToolUse.json","PowerShell wrapper","1","596.679","0","0","","0",""
"tools\Read\PreToolUse.json","Direct executable","1","302.153","0","0","","0",""
"tools\Read\PreToolUse.json","PowerShell wrapper","2","654.432","0","0","","0",""
"tools\Read\PreToolUse.json","Direct executable","2","57.976","0","0","","0",""
"tools\Read\PreToolUse.json","PowerShell wrapper","3","609.563","0","0","","0",""
"tools\Read\PreToolUse.json","Direct executable","3","50.6","0","0","","0",""
"tools\Read\PreToolUse.json","PowerShell wrapper","4","624.923","0","0","","0",""
"tools\Read\PreToolUse.json","Direct executable","4","53.632","0","0","","0",""
"tools\Read\PreToolUse.json","PowerShell wrapper","5","625.557","0","0","","0",""
"tools\Read\PreToolUse.json","Direct executable","5","44.001","0","0","","0",""
"tools\RemoteTrigger\PostToolUse.json","PowerShell wrapper","1","615.434","0","0","","0",""
"tools\RemoteTrigger\PostToolUse.json","Direct executable","1","713.518","0","0","","0",""
"tools\RemoteTrigger\PostToolUse.json","PowerShell wrapper","2","604.092","0","0","","0",""
"tools\RemoteTrigger\PostToolUse.json","Direct executable","2","45.37","0","0","","0",""
"tools\RemoteTrigger\PostToolUse.json","PowerShell wrapper","3","589.493","0","0","","0",""
"tools\RemoteTrigger\PostToolUse.json","Direct executable","3","43.336","0","0","","0",""
"tools\RemoteTrigger\PostToolUse.json","PowerShell wrapper","4","585.966","0","0","","0",""
"tools\RemoteTrigger\PostToolUse.json","Direct executable","4","52.165","0","0","","0",""
"tools\RemoteTrigger\PostToolUse.json","PowerShell wrapper","5","599.056","0","0","","0",""
"tools\RemoteTrigger\PostToolUse.json","Direct executable","5","43.982","0","0","","0",""
"tools\RemoteTrigger\PreToolUse.json","PowerShell wrapper","1","609.661","0","0","","0",""
"tools\RemoteTrigger\PreToolUse.json","Direct executable","1","842.739","0","0","","0",""
"tools\RemoteTrigger\PreToolUse.json","PowerShell wrapper","2","611.889","0","0","","0",""
"tools\RemoteTrigger\PreToolUse.json","Direct executable","2","46.394","0","0","","0",""
"tools\RemoteTrigger\PreToolUse.json","PowerShell wrapper","3","601.687","0","0","","0",""
"tools\RemoteTrigger\PreToolUse.json","Direct executable","3","55.191","0","0","","0",""
"tools\RemoteTrigger\PreToolUse.json","PowerShell wrapper","4","606.679","0","0","","0",""
"tools\RemoteTrigger\PreToolUse.json","Direct executable","4","52.54","0","0","","0",""
"tools\RemoteTrigger\PreToolUse.json","PowerShell wrapper","5","655.618","0","0","","0",""
"tools\RemoteTrigger\PreToolUse.json","Direct executable","5","46.368","0","0","","0",""
"tools\ReportFindings\PostToolUse.json","PowerShell wrapper","1","607.352","0","0","","0",""
"tools\ReportFindings\PostToolUse.json","Direct executable","1","713.012","0","0","","0",""
"tools\ReportFindings\PostToolUse.json","PowerShell wrapper","2","593.924","0","0","","0",""
"tools\ReportFindings\PostToolUse.json","Direct executable","2","43.439","0","0","","0",""
"tools\ReportFindings\PostToolUse.json","PowerShell wrapper","3","590.67","0","0","","0",""
"tools\ReportFindings\PostToolUse.json","Direct executable","3","46.106","0","0","","0",""
"tools\ReportFindings\PostToolUse.json","PowerShell wrapper","4","560.488","0","0","","0",""
"tools\ReportFindings\PostToolUse.json","Direct executable","4","50.519","0","0","","0",""
"tools\ReportFindings\PostToolUse.json","PowerShell wrapper","5","591.73","0","0","","0",""
"tools\ReportFindings\PostToolUse.json","Direct executable","5","45.225","0","0","","0",""
"tools\ReportFindings\PreToolUse.json","PowerShell wrapper","1","594.431","0","0","","0",""
"tools\ReportFindings\PreToolUse.json","Direct executable","1","238.426","0","0","","0",""
"tools\ReportFindings\PreToolUse.json","PowerShell wrapper","2","605.42","0","0","","0",""
"tools\ReportFindings\PreToolUse.json","Direct executable","2","44.515","0","0","","0",""
"tools\ReportFindings\PreToolUse.json","PowerShell wrapper","3","586.385","0","0","","0",""
"tools\ReportFindings\PreToolUse.json","Direct executable","3","45.803","0","0","","0",""
"tools\ReportFindings\PreToolUse.json","PowerShell wrapper","4","596.91","0","0","","0",""
"tools\ReportFindings\PreToolUse.json","Direct executable","4","50.727","0","0","","0",""
"tools\ReportFindings\PreToolUse.json","PowerShell wrapper","5","584.273","0","0","","0",""
"tools\ReportFindings\PreToolUse.json","Direct executable","5","48.155","0","0","","0",""
"tools\ScheduleWakeup\PostToolUse.json","PowerShell wrapper","1","599.765","0","0","","0",""
"tools\ScheduleWakeup\PostToolUse.json","Direct executable","1","432.251","0","0","","0",""
"tools\ScheduleWakeup\PostToolUse.json","PowerShell wrapper","2","581.254","0","0","","0",""
"tools\ScheduleWakeup\PostToolUse.json","Direct executable","2","43.27","0","0","","0",""
"tools\ScheduleWakeup\PostToolUse.json","PowerShell wrapper","3","648.136","0","0","","0",""
"tools\ScheduleWakeup\PostToolUse.json","Direct executable","3","51.408","0","0","","0",""
"tools\ScheduleWakeup\PostToolUse.json","PowerShell wrapper","4","606.585","0","0","","0",""
"tools\ScheduleWakeup\PostToolUse.json","Direct executable","4","46.758","0","0","","0",""
"tools\ScheduleWakeup\PostToolUse.json","PowerShell wrapper","5","585.977","0","0","","0",""
"tools\ScheduleWakeup\PostToolUse.json","Direct executable","5","42.276","0","0","","0",""
"tools\ScheduleWakeup\PreToolUse.json","PowerShell wrapper","1","624.275","0","0","","0",""
"tools\ScheduleWakeup\PreToolUse.json","Direct executable","1","822.353","0","0","","0",""
"tools\ScheduleWakeup\PreToolUse.json","PowerShell wrapper","2","579.9","0","0","","0",""
"tools\ScheduleWakeup\PreToolUse.json","Direct executable","2","43.868","0","0","","0",""
"tools\ScheduleWakeup\PreToolUse.json","PowerShell wrapper","3","596.913","0","0","","0",""
"tools\ScheduleWakeup\PreToolUse.json","Direct executable","3","45.845","0","0","","0",""
"tools\ScheduleWakeup\PreToolUse.json","PowerShell wrapper","4","588.81","0","0","","0",""
"tools\ScheduleWakeup\PreToolUse.json","Direct executable","4","51.183","0","0","","0",""
"tools\ScheduleWakeup\PreToolUse.json","PowerShell wrapper","5","617.13","0","0","","0",""
"tools\ScheduleWakeup\PreToolUse.json","Direct executable","5","49.433","0","0","","0",""
"tools\SendFeedback\PostToolUse.json","PowerShell wrapper","1","610.314","0","0","","0",""
"tools\SendFeedback\PostToolUse.json","Direct executable","1","700.73","0","0","","0",""
"tools\SendFeedback\PostToolUse.json","PowerShell wrapper","2","633.569","0","0","","0",""
"tools\SendFeedback\PostToolUse.json","Direct executable","2","47.122","0","0","","0",""
"tools\SendFeedback\PostToolUse.json","PowerShell wrapper","3","632.306","0","0","","0",""
"tools\SendFeedback\PostToolUse.json","Direct executable","3","52.423","0","0","","0",""
"tools\SendFeedback\PostToolUse.json","PowerShell wrapper","4","643.069","0","0","","0",""
"tools\SendFeedback\PostToolUse.json","Direct executable","4","52.922","0","0","","0",""
"tools\SendFeedback\PostToolUse.json","PowerShell wrapper","5","627.263","0","0","","0",""
"tools\SendFeedback\PostToolUse.json","Direct executable","5","46.814","0","0","","0",""
"tools\SendFeedback\PreToolUse.json","PowerShell wrapper","1","736.638","0","0","","0",""
"tools\SendFeedback\PreToolUse.json","Direct executable","1","497.879","0","0","","0",""
"tools\SendFeedback\PreToolUse.json","PowerShell wrapper","2","608.894","0","0","","0",""
"tools\SendFeedback\PreToolUse.json","Direct executable","2","51.319","0","0","","0",""
"tools\SendFeedback\PreToolUse.json","PowerShell wrapper","3","617.433","0","0","","0",""
"tools\SendFeedback\PreToolUse.json","Direct executable","3","49.959","0","0","","0",""
"tools\SendFeedback\PreToolUse.json","PowerShell wrapper","4","608.117","0","0","","0",""
"tools\SendFeedback\PreToolUse.json","Direct executable","4","54.305","0","0","","0",""
"tools\SendFeedback\PreToolUse.json","PowerShell wrapper","5","634.414","0","0","","0",""
"tools\SendFeedback\PreToolUse.json","Direct executable","5","50.06","0","0","","0",""
"tools\SendMessage\PostToolUse.json","PowerShell wrapper","1","616.273","0","0","","0",""
"tools\SendMessage\PostToolUse.json","Direct executable","1","296.914","0","0","","0",""
"tools\SendMessage\PostToolUse.json","PowerShell wrapper","2","623.803","0","0","","0",""
"tools\SendMessage\PostToolUse.json","Direct executable","2","46.961","0","0","","0",""
"tools\SendMessage\PostToolUse.json","PowerShell wrapper","3","606.329","0","0","","0",""
"tools\SendMessage\PostToolUse.json","Direct executable","3","44.236","0","0","","0",""
"tools\SendMessage\PostToolUse.json","PowerShell wrapper","4","610.367","0","0","","0",""
"tools\SendMessage\PostToolUse.json","Direct executable","4","49.383","0","0","","0",""
"tools\SendMessage\PostToolUse.json","PowerShell wrapper","5","623.359","0","0","","0",""
"tools\SendMessage\PostToolUse.json","Direct executable","5","47.193","0","0","","0",""
"tools\SendMessage\PreToolUse.json","PowerShell wrapper","1","609.941","0","0","","0",""
"tools\SendMessage\PreToolUse.json","Direct executable","1","211.714","0","0","","0",""
"tools\SendMessage\PreToolUse.json","PowerShell wrapper","2","579.719","0","0","","0",""
"tools\SendMessage\PreToolUse.json","Direct executable","2","43.259","0","0","","0",""
"tools\SendMessage\PreToolUse.json","PowerShell wrapper","3","597.036","0","0","","0",""
"tools\SendMessage\PreToolUse.json","Direct executable","3","46.266","0","0","","0",""
"tools\SendMessage\PreToolUse.json","PowerShell wrapper","4","593.438","0","0","","0",""
"tools\SendMessage\PreToolUse.json","Direct executable","4","49.261","0","0","","0",""
"tools\SendMessage\PreToolUse.json","PowerShell wrapper","5","652.485","0","0","","0",""
"tools\SendMessage\PreToolUse.json","Direct executable","5","47.061","0","0","","0",""
"tools\SendUserFile\PostToolUse.json","PowerShell wrapper","1","624.552","0","0","","0",""
"tools\SendUserFile\PostToolUse.json","Direct executable","1","690.528","0","0","","0",""
"tools\SendUserFile\PostToolUse.json","PowerShell wrapper","2","608.149","0","0","","0",""
"tools\SendUserFile\PostToolUse.json","Direct executable","2","45.434","0","0","","0",""
"tools\SendUserFile\PostToolUse.json","PowerShell wrapper","3","608.619","0","0","","0",""
"tools\SendUserFile\PostToolUse.json","Direct executable","3","48.734","0","0","","0",""
"tools\SendUserFile\PostToolUse.json","PowerShell wrapper","4","574.488","0","0","","0",""
"tools\SendUserFile\PostToolUse.json","Direct executable","4","52.022","0","0","","0",""
"tools\SendUserFile\PostToolUse.json","PowerShell wrapper","5","601.063","0","0","","0",""
"tools\SendUserFile\PostToolUse.json","Direct executable","5","45.033","0","0","","0",""
"tools\SendUserFile\PreToolUse.json","PowerShell wrapper","1","608.546","0","0","","0",""
"tools\SendUserFile\PreToolUse.json","Direct executable","1","189.066","0","0","","0",""
"tools\SendUserFile\PreToolUse.json","PowerShell wrapper","2","623.919","0","0","","0",""
"tools\SendUserFile\PreToolUse.json","Direct executable","2","52.767","0","0","","0",""
"tools\SendUserFile\PreToolUse.json","PowerShell wrapper","3","618.309","0","0","","0",""
"tools\SendUserFile\PreToolUse.json","Direct executable","3","46.106","0","0","","0",""
"tools\SendUserFile\PreToolUse.json","PowerShell wrapper","4","675.332","0","0","","0",""
"tools\SendUserFile\PreToolUse.json","Direct executable","4","51.705","0","0","","0",""
"tools\SendUserFile\PreToolUse.json","PowerShell wrapper","5","615.644","0","0","","0",""
"tools\SendUserFile\PreToolUse.json","Direct executable","5","49.266","0","0","","0",""
"tools\Skill\PostToolUse.json","PowerShell wrapper","1","622.976","0","0","","0",""
"tools\Skill\PostToolUse.json","Direct executable","1","251.484","0","0","","0",""
"tools\Skill\PostToolUse.json","PowerShell wrapper","2","616.673","0","0","","0",""
"tools\Skill\PostToolUse.json","Direct executable","2","57.737","0","0","","0",""
"tools\Skill\PostToolUse.json","PowerShell wrapper","3","686.764","0","0","","0",""
"tools\Skill\PostToolUse.json","Direct executable","3","52.424","0","0","","0",""
"tools\Skill\PostToolUse.json","PowerShell wrapper","4","636.244","0","0","","0",""
"tools\Skill\PostToolUse.json","Direct executable","4","49.403","0","0","","0",""
"tools\Skill\PostToolUse.json","PowerShell wrapper","5","613.17","0","0","","0",""
"tools\Skill\PostToolUse.json","Direct executable","5","46.979","0","0","","0",""
"tools\Skill\PreToolUse.json","PowerShell wrapper","1","610.936","0","0","","0",""
"tools\Skill\PreToolUse.json","Direct executable","1","348.455","0","0","","0",""
"tools\Skill\PreToolUse.json","PowerShell wrapper","2","608.481","0","0","","0",""
"tools\Skill\PreToolUse.json","Direct executable","2","45.686","0","0","","0",""
"tools\Skill\PreToolUse.json","PowerShell wrapper","3","594.105","0","0","","0",""
"tools\Skill\PreToolUse.json","Direct executable","3","52.04","0","0","","0",""
"tools\Skill\PreToolUse.json","PowerShell wrapper","4","618.91","0","0","","0",""
"tools\Skill\PreToolUse.json","Direct executable","4","48.492","0","0","","0",""
"tools\Skill\PreToolUse.json","PowerShell wrapper","5","596.565","0","0","","0",""
"tools\Skill\PreToolUse.json","Direct executable","5","44.516","0","0","","0",""
"tools\TaskOutput\PostToolUse.json","PowerShell wrapper","1","597.189","0","0","","0",""
"tools\TaskOutput\PostToolUse.json","Direct executable","1","533.042","0","0","","0",""
"tools\TaskOutput\PostToolUse.json","PowerShell wrapper","2","601.369","0","0","","0",""
"tools\TaskOutput\PostToolUse.json","Direct executable","2","47.788","0","0","","0",""
"tools\TaskOutput\PostToolUse.json","PowerShell wrapper","3","599.462","0","0","","0",""
"tools\TaskOutput\PostToolUse.json","Direct executable","3","48.673","0","0","","0",""
"tools\TaskOutput\PostToolUse.json","PowerShell wrapper","4","611.869","0","0","","0",""
"tools\TaskOutput\PostToolUse.json","Direct executable","4","45.924","0","0","","0",""
"tools\TaskOutput\PostToolUse.json","PowerShell wrapper","5","592.644","0","0","","0",""
"tools\TaskOutput\PostToolUse.json","Direct executable","5","47.048","0","0","","0",""
"tools\TaskOutput\PreToolUse.json","PowerShell wrapper","1","595.636","0","0","","0",""
"tools\TaskOutput\PreToolUse.json","Direct executable","1","272.774","0","0","","0",""
"tools\TaskOutput\PreToolUse.json","PowerShell wrapper","2","632.377","0","0","","0",""
"tools\TaskOutput\PreToolUse.json","Direct executable","2","45.808","0","0","","0",""
"tools\TaskOutput\PreToolUse.json","PowerShell wrapper","3","598.381","0","0","","0",""
"tools\TaskOutput\PreToolUse.json","Direct executable","3","44.715","0","0","","0",""
"tools\TaskOutput\PreToolUse.json","PowerShell wrapper","4","580.825","0","0","","0",""
"tools\TaskOutput\PreToolUse.json","Direct executable","4","50.74","0","0","","0",""
"tools\TaskOutput\PreToolUse.json","PowerShell wrapper","5","601.446","0","0","","0",""
"tools\TaskOutput\PreToolUse.json","Direct executable","5","44.319","0","0","","0",""
"tools\TaskStop\PostToolUse.json","PowerShell wrapper","1","594.935","0","0","","0",""
"tools\TaskStop\PostToolUse.json","Direct executable","1","454.012","0","0","","0",""
"tools\TaskStop\PostToolUse.json","PowerShell wrapper","2","590.53","0","0","","0",""
"tools\TaskStop\PostToolUse.json","Direct executable","2","49.514","0","0","","0",""
"tools\TaskStop\PostToolUse.json","PowerShell wrapper","3","580.024","0","0","","0",""
"tools\TaskStop\PostToolUse.json","Direct executable","3","45.893","0","0","","0",""
"tools\TaskStop\PostToolUse.json","PowerShell wrapper","4","599.933","0","0","","0",""
"tools\TaskStop\PostToolUse.json","Direct executable","4","46.119","0","0","","0",""
"tools\TaskStop\PostToolUse.json","PowerShell wrapper","5","593.384","0","0","","0",""
"tools\TaskStop\PostToolUse.json","Direct executable","5","51","0","0","","0",""
"tools\TaskStop\PreToolUse.json","PowerShell wrapper","1","591.905","0","0","","0",""
"tools\TaskStop\PreToolUse.json","Direct executable","1","213.918","0","0","","0",""
"tools\TaskStop\PreToolUse.json","PowerShell wrapper","2","586.528","0","0","","0",""
"tools\TaskStop\PreToolUse.json","Direct executable","2","42.357","0","0","","0",""
"tools\TaskStop\PreToolUse.json","PowerShell wrapper","3","608.484","0","0","","0",""
"tools\TaskStop\PreToolUse.json","Direct executable","3","44.244","0","0","","0",""
"tools\TaskStop\PreToolUse.json","PowerShell wrapper","4","592.379","0","0","","0",""
"tools\TaskStop\PreToolUse.json","Direct executable","4","46.637","0","0","","0",""
"tools\TaskStop\PreToolUse.json","PowerShell wrapper","5","582.871","0","0","","0",""
"tools\TaskStop\PreToolUse.json","Direct executable","5","44.822","0","0","","0",""
"tools\ToolSearch\PostToolUse.json","PowerShell wrapper","1","611.188","0","0","","0",""
"tools\ToolSearch\PostToolUse.json","Direct executable","1","549.498","0","0","","0",""
"tools\ToolSearch\PostToolUse.json","PowerShell wrapper","2","629.468","0","0","","0",""
"tools\ToolSearch\PostToolUse.json","Direct executable","2","43.348","0","0","","0",""
"tools\ToolSearch\PostToolUse.json","PowerShell wrapper","3","586.329","0","0","","0",""
"tools\ToolSearch\PostToolUse.json","Direct executable","3","46.302","0","0","","0",""
"tools\ToolSearch\PostToolUse.json","PowerShell wrapper","4","588.368","0","0","","0",""
"tools\ToolSearch\PostToolUse.json","Direct executable","4","45.76","0","0","","0",""
"tools\ToolSearch\PostToolUse.json","PowerShell wrapper","5","599.523","0","0","","0",""
"tools\ToolSearch\PostToolUse.json","Direct executable","5","45.694","0","0","","0",""
"tools\ToolSearch\PreToolUse.json","PowerShell wrapper","1","585.518","0","0","","0",""
"tools\ToolSearch\PreToolUse.json","Direct executable","1","808.621","0","0","","0",""
"tools\ToolSearch\PreToolUse.json","PowerShell wrapper","2","598.449","0","0","","0",""
"tools\ToolSearch\PreToolUse.json","Direct executable","2","47.146","0","0","","0",""
"tools\ToolSearch\PreToolUse.json","PowerShell wrapper","3","597.257","0","0","","0",""
"tools\ToolSearch\PreToolUse.json","Direct executable","3","46.843","0","0","","0",""
"tools\ToolSearch\PreToolUse.json","PowerShell wrapper","4","603.424","0","0","","0",""
"tools\ToolSearch\PreToolUse.json","Direct executable","4","45.802","0","0","","0",""
"tools\ToolSearch\PreToolUse.json","PowerShell wrapper","5","591.271","0","0","","0",""
"tools\ToolSearch\PreToolUse.json","Direct executable","5","43.188","0","0","","0",""
"tools\WebFetch\PostToolUse.json","PowerShell wrapper","1","609.56","0","0","","0",""
"tools\WebFetch\PostToolUse.json","Direct executable","1","842.515","0","0","","0",""
"tools\WebFetch\PostToolUse.json","PowerShell wrapper","2","657.21","0","0","","0",""
"tools\WebFetch\PostToolUse.json","Direct executable","2","49.012","0","0","","0",""
"tools\WebFetch\PostToolUse.json","PowerShell wrapper","3","624.08","0","0","","0",""
"tools\WebFetch\PostToolUse.json","Direct executable","3","48.865","0","0","","0",""
"tools\WebFetch\PostToolUse.json","PowerShell wrapper","4","642.398","0","0","","0",""
"tools\WebFetch\PostToolUse.json","Direct executable","4","44.215","0","0","","0",""
"tools\WebFetch\PostToolUse.json","PowerShell wrapper","5","590.157","0","0","","0",""
"tools\WebFetch\PostToolUse.json","Direct executable","5","42.08","0","0","","0",""
"tools\WebFetch\PreToolUse.json","PowerShell wrapper","1","600.744","0","0","","0",""
"tools\WebFetch\PreToolUse.json","Direct executable","1","785.63","0","0","","0",""
"tools\WebFetch\PreToolUse.json","PowerShell wrapper","2","584.123","0","0","","0",""
"tools\WebFetch\PreToolUse.json","Direct executable","2","41.926","0","0","","0",""
"tools\WebFetch\PreToolUse.json","PowerShell wrapper","3","580.78","0","0","","0",""
"tools\WebFetch\PreToolUse.json","Direct executable","3","47.617","0","0","","0",""
"tools\WebFetch\PreToolUse.json","PowerShell wrapper","4","587.86","0","0","","0",""
"tools\WebFetch\PreToolUse.json","Direct executable","4","43.904","0","0","","0",""
"tools\WebFetch\PreToolUse.json","PowerShell wrapper","5","594.598","0","0","","0",""
"tools\WebFetch\PreToolUse.json","Direct executable","5","43.346","0","0","","0",""
"tools\WebSearch\PostToolUse.json","PowerShell wrapper","1","578.647","0","0","","0",""
"tools\WebSearch\PostToolUse.json","Direct executable","1","807.495","0","0","","0",""
"tools\WebSearch\PostToolUse.json","PowerShell wrapper","2","598.217","0","0","","0",""
"tools\WebSearch\PostToolUse.json","Direct executable","2","42.098","0","0","","0",""
"tools\WebSearch\PostToolUse.json","PowerShell wrapper","3","574.318","0","0","","0",""
"tools\WebSearch\PostToolUse.json","Direct executable","3","49.315","0","0","","0",""
"tools\WebSearch\PostToolUse.json","PowerShell wrapper","4","581.127","0","0","","0",""
"tools\WebSearch\PostToolUse.json","Direct executable","4","43.689","0","0","","0",""
"tools\WebSearch\PostToolUse.json","PowerShell wrapper","5","603.733","0","0","","0",""
"tools\WebSearch\PostToolUse.json","Direct executable","5","44.916","0","0","","0",""
"tools\WebSearch\PreToolUse.json","PowerShell wrapper","1","600.521","0","0","","0",""
"tools\WebSearch\PreToolUse.json","Direct executable","1","492.689","0","0","","0",""
"tools\WebSearch\PreToolUse.json","PowerShell wrapper","2","608.423","0","0","","0",""
"tools\WebSearch\PreToolUse.json","Direct executable","2","46.588","0","0","","0",""
"tools\WebSearch\PreToolUse.json","PowerShell wrapper","3","584.071","0","0","","0",""
"tools\WebSearch\PreToolUse.json","Direct executable","3","52.018","0","0","","0",""
"tools\WebSearch\PreToolUse.json","PowerShell wrapper","4","592.26","0","0","","0",""
"tools\WebSearch\PreToolUse.json","Direct executable","4","47.066","0","0","","0",""
"tools\WebSearch\PreToolUse.json","PowerShell wrapper","5","580.568","0","0","","0",""
"tools\WebSearch\PreToolUse.json","Direct executable","5","43.113","0","0","","0",""
"tools\Write\PostToolUse.json","PowerShell wrapper","1","617.678","0","0","","0",""
"tools\Write\PostToolUse.json","Direct executable","1","431.544","0","0","","0",""
"tools\Write\PostToolUse.json","PowerShell wrapper","2","592.368","0","0","","0",""
"tools\Write\PostToolUse.json","Direct executable","2","50.114","0","0","","0",""
"tools\Write\PostToolUse.json","PowerShell wrapper","3","597.727","0","0","","0",""
"tools\Write\PostToolUse.json","Direct executable","3","43.708","0","0","","0",""
"tools\Write\PostToolUse.json","PowerShell wrapper","4","593.345","0","0","","0",""
"tools\Write\PostToolUse.json","Direct executable","4","47.274","0","0","","0",""
"tools\Write\PostToolUse.json","PowerShell wrapper","5","589.438","0","0","","0",""
"tools\Write\PostToolUse.json","Direct executable","5","48.124","0","0","","0",""
"tools\Write\PreToolUse.json","PowerShell wrapper","1","597.892","0","0","","0",""
"tools\Write\PreToolUse.json","Direct executable","1","727.303","0","0","","0",""
"tools\Write\PreToolUse.json","PowerShell wrapper","2","583.226","0","0","","0",""
"tools\Write\PreToolUse.json","Direct executable","2","43.432","0","0","","0",""
"tools\Write\PreToolUse.json","PowerShell wrapper","3","590.177","0","0","","0",""
"tools\Write\PreToolUse.json","Direct executable","3","46.434","0","0","","0",""
"tools\Write\PreToolUse.json","PowerShell wrapper","4","588.674","0","0","","0",""
"tools\Write\PreToolUse.json","Direct executable","4","44.81","0","0","","0",""
"tools\Write\PreToolUse.json","PowerShell wrapper","5","627.851","0","0","","0",""
"tools\Write\PreToolUse.json","Direct executable","5","45.229","0","0","","0",""
